Country Name,Indicator Id,Indicator,Subindicator Type,2007,2007-2008,2008,2008-2009,2009,2009-2010,2010,2010-2011,2011,2011-2012,2012,2012-2013,2013,2013-2014,2014,2014-2015,2015,2015-2016,2016,2016-2017,2017,2017-2018,2018,2019
Angola,517,Intensity of local competition,1-7 Best,,,,,,,,3.858249,,3.165548081,,,,2.823529,,2.601163532,,,,,,,,
Angola,518,Intensity of local competition,Rank,,,,,,,,127,,142,,,,148,,144,,,,,,,,
Albania,517,Intensity of local competition,1-7 Best,,3.665119753,,3.747258947,,4.094755906,,4.175324227,,4.031250898,,3.857393725,,3.41822505,,3.490491874,,4.037088891,,4.498802087,,4.728952408,,
Albania,518,Intensity of local competition,Rank,,123,,127,,116,,113,,122,,128,,144,,142,,134,,116,,100,,
United Arab Emirates,517,Intensity of local competition,1-7 Best,,5.396329333,,5.579207134,,5.804765068,,5.665474189,,5.604772202,,5.694640681,,5.709416,,5.956099236,,5.956099236,,5.904824322,,5.574675083,,
United Arab Emirates,518,Intensity of local competition,Rank,,35,,28,,9,,13,,19,,15,,17,,9,,8,,9,,19,,
Argentina,517,Intensity of local competition,1-7 Best,,4.156007873,,4.328297033,,4.295740591,,4.253200479,,4.25763,,4.073458541,,4.008968784,,4.073151416,,4.295647898,,4.424087018,,4.329607964,,
Argentina,518,Intensity of local competition,Rank,,109,,109,,107,,107,,105,,117,,134,,132,,123,,122,,123,,
Armenia,517,Intensity of local competition,1-7 Best,,3.634399901,,3.341312031,,3.579082467,,3.5143489,,3.360122099,,3.848416368,,4.581407169,,4.869006184,,4.810755147,,4.810060322,,5.145057678,,
Armenia,518,Intensity of local competition,Rank,,124,,132,,128,,136,,139,,130,,102,,85,,85,,91,,66,,
Australia,517,Intensity of local competition,1-7 Best,,5.732557503,,5.670743501,,5.68108181,,5.678070077,,5.869799223,,5.851718543,,5.821542328,,5.994377698,,5.932749312,,5.916532244,,5.896753788,,
Australia,518,Intensity of local competition,Rank,,15,,18,,17,,11,,7,,6,,13,,8,,9,,7,,8,,
Austria,517,Intensity of local competition,1-7 Best,,6.057760462,,6.266598331,,6.021231837,,5.853305396,,5.799999121,,5.82991369,,5.830050787,,5.817644827,,5.732598045,,5.589272427,,5.62941885,,
Austria,518,Intensity of local competition,Rank,,2,,2,,3,,6,,8,,7,,11,,15,,15,,23,,18,,
Azerbaijan,517,Intensity of local competition,1-7 Best,,3.841587278,,4.551903454,,4.3008286,,3.724649156,,3.79153972,,3.823965939,,4.170028719,,4.348531498,,4.348531498,,4.518979359,,4.677549839,,
Azerbaijan,518,Intensity of local competition,Rank,,118,,96,,105,,134,,133,,131,,128,,121,,120,,115,,106,,
Burundi,517,Intensity of local competition,1-7 Best,,3.700125781,,4.019181516,,3.394316204,,3.573176376,,4.153040957,,3.533037922,,3.290141859,,3.913765871,,3.913765871,,4.364665659,,3.908195019,,
Burundi,518,Intensity of local competition,Rank,,120,,119,,130,,135,,113,,140,,146,,134,,136,,123,,132,,
Belgium,517,Intensity of local competition,1-7 Best,,5.966376531,,6.015733181,,5.836751531,,5.905569378,,5.964556767,,5.961945103,,5.97259534,,6.045659972,,5.974986658,,5.849777118,,5.802305222,,
Belgium,518,Intensity of local competition,Rank,,7,,6,,7,,4,,2,,4,,6,,6,,6,,13,,11,,
Benin,517,Intensity of local competition,1-7 Best,,4.327765012,,4.775360266,,4.951545068,,4.793102746,,4.539052704,,4.475301892,,4.742560623,,,,4.940298557,,4.823134232,,4.751145363,,
Benin,518,Intensity of local competition,Rank,,101,,82,,63,,74,,93,,93,,89,,,,81,,89,,96,,
Burkina Faso,517,Intensity of local competition,1-7 Best,,4.613522299,,4.453880435,,4.171659188,,3.85755045,,3.885503406,,4.258562578,,4.389156605,,4.565317845,,,,,,,,
Burkina Faso,518,Intensity of local competition,Rank,,79,,102,,113,,128,,130,,105,,116,,110,,,,,,,,
Bangladesh,517,Intensity of local competition,1-7 Best,,4.735743421,,4.861305549,,4.815580396,,4.6721951,,4.540412942,,4.658185939,,4.925976582,,4.921970551,,4.978841852,,5.108708175,,4.969376564,,
Bangladesh,518,Intensity of local competition,Rank,,69,,76,,74,,81,,92,,83,,74,,79,,75,,71,,77,,
Bulgaria,517,Intensity of local competition,1-7 Best,,4.496702268,,5.01653182,,4.927767942,,4.533284808,,4.439073678,,4.327251839,,4.581411343,,4.963453526,,4.611235013,,4.617067523,,4.813969612,,
Bulgaria,518,Intensity of local competition,Rank,,87,,66,,66,,94,,99,,101,,101,,75,,104,,107,,91,,
Bahrain,517,Intensity of local competition,1-7 Best,,5.061467866,,5.25490613,,5.157809992,,5.249896009,,5.45373694,,5.376925524,,5.327911686,,5.354799001,,5.287929284,,5.208401605,,5.20840168,,
Bahrain,518,Intensity of local competition,Rank,,56,,46,,51,,40,,25,,33,,40,,46,,47,,61,,62,,
Bosnia and Herzegovina,517,Intensity of local competition,1-7 Best,,4.320484093,,4.482777575,,4.048290962,,3.740105902,,3.818619,,3.6015098,,3.423875,,,,4.396039486,,4.456745785,,4.491966248,,
Bosnia and Herzegovina,518,Intensity of local competition,Rank,,102,,98,,118,,133,,132,,138,,143,,,,117,,119,,117,,
Belize,517,Intensity of local competition,1-7 Best,,,,,,,,,,4.224078,,,,,,,,,,,,,,
Belize,518,Intensity of local competition,Rank,,,,,,,,,,107,,,,,,,,,,,,,,
Bolivia,517,Intensity of local competition,1-7 Best,,4.090825905,,3.885107856,,3.794403255,,3.898128361,,3.758497439,,3.70533665,,3.833246827,,3.760173597,,4.266598002,,4.938314111,,,,
Bolivia,518,Intensity of local competition,Rank,,112,,124,,126,,126,,134,,135,,137,,139,,127,,82,,,,
Brazil,517,Intensity of local competition,1-7 Best,,5.25213971,,5.291523342,,5.156185189,,5.107271401,,5.160944893,,5.140540366,,4.981935162,,5.271597828,,5.371110286,,5.2605508,,5.279301167,,
Brazil,518,Intensity of local competition,Rank,,45,,43,,52,,50,,48,,45,,70,,52,,41,,52,,53,,
Barbados,517,Intensity of local competition,1-7 Best,,4.471501976,,4.457222364,,4.52149461,,4.67410559,,4.877805113,,4.857519549,,5.212394585,,5.584763953,,,,5.173820825,,,,
Barbados,518,Intensity of local competition,Rank,,91,,101,,96,,80,,68,,70,,50,,28,,,,68,,,,
Brunei Darussalam,517,Intensity of local competition,1-7 Best,,,,4.778654,,4.794579834,,4.998844684,,4.952843166,,4.830311074,,5.082019774,,,,,,4.602739811,,4.683029652,,
Brunei Darussalam,518,Intensity of local competition,Rank,,,,81,,75,,61,,63,,71,,62,,,,,,111,,104,,
Bhutan,517,Intensity of local competition,1-7 Best,,,,,,,,,,,,,,4.686965,,4.613860966,,4.626384165,,4.643720895,,4.673519611,,
Bhutan,518,Intensity of local competition,Rank,,,,,,,,,,,,,,96,,106,,102,,104,,107,,
Botswana,517,Intensity of local competition,1-7 Best,,4.66106611,,4.831471964,,4.629900687,,4.604606017,,4.753471516,,4.799584675,,4.728597709,,4.746541297,,5.030861519,,5.274945479,,4.972486496,,
Botswana,518,Intensity of local competition,Rank,,75,,79,,88,,89,,75,,74,,93,,95,,72,,50,,76,,
Canada,517,Intensity of local competition,1-7 Best,,5.671203801,,5.60397605,,5.572696668,,5.590182347,,5.575328878,,5.627441613,,5.43369063,,5.499359006,,5.553171366,,5.446020656,,5.449285984,,
Canada,518,Intensity of local competition,Rank,,18,,23,,24,,20,,21,,19,,33,,33,,24,,32,,34,,
Switzerland,517,Intensity of local competition,1-7 Best,,5.527109858,,5.669054495,,5.493369335,,5.366333696,,5.457247605,,5.586877414,,5.609429337,,5.708972033,,5.520305876,,5.391591768,,5.476599693,,
Switzerland,518,Intensity of local competition,Rank,,27,,20,,27,,36,,24,,20,,21,,19,,30,,39,,29,,
Chile,517,Intensity of local competition,1-7 Best,,5.741555118,,5.669871122,,5.592065255,,5.534138078,,5.3606598,,5.260505788,,5.37524555,,5.590320477,,5.57070265,,5.202901063,,5.225785255,,
Chile,518,Intensity of local competition,Rank,,14,,19,,23,,25,,36,,39,,37,,27,,22,,62,,61,,
China,517,Intensity of local competition,1-7 Best,,5.338221324,,5.58242211,,5.750431294,,5.617085235,,5.548427071,,5.302448603,,5.2630925,,5.358266235,,5.407433449,,5.412461536,,5.46120882,,
China,518,Intensity of local competition,Rank,,39,,27,,13,,19,,22,,37,,46,,44,,36,,36,,33,,
Cote d'Ivoire,517,Intensity of local competition,1-7 Best,,,,4.747303,,4.709805985,,4.751180149,,4.629571772,,4.72138767,,4.969774354,,4.552677033,,4.603303023,,4.774907324,,,,
Cote d'Ivoire,518,Intensity of local competition,Rank,,,,83,,84,,76,,83,,78,,72,,112,,105,,95,,,,
Cameroon,517,Intensity of local competition,1-7 Best,,4.353404421,,4.58376979,,4.738078418,,5.035443357,,4.561037251,,4.416359255,,4.728644421,,4.581953419,,4.587891634,,4.830314179,,4.865494728,,
Cameroon,518,Intensity of local competition,Rank,,99,,90,,80,,57,,90,,97,,92,,109,,106,,88,,85,,
"Congo, Dem. Rep.",517,Intensity of local competition,1-7 Best,,,,,,,,,,,,,,,,,,,,4.690721512,,4.679892063,,
"Congo, Dem. Rep.",518,Intensity of local competition,Rank,,,,,,,,,,,,,,,,,,,,102,,105,,
Colombia,517,Intensity of local competition,1-7 Best,,4.936223226,,4.937402027,,4.778662317,,4.669202933,,4.608969436,,4.716181881,,5.060455373,,5.220746305,,5.435021067,,5.575520761,,5.549760342,,
Colombia,518,Intensity of local competition,Rank,,64,,70,,78,,82,,85,,79,,64,,56,,35,,24,,22,,
Cabo Verde,517,Intensity of local competition,1-7 Best,,,,,,,,4.015273,,3.957535557,,4.019227955,,4.321219868,,4.456310392,,4.443349101,,4.435256314,,4.444537163,,
Cabo Verde,518,Intensity of local competition,Rank,,,,,,,,121,,126,,122,,122,,117,,114,,120,,119,,
Costa Rica,517,Intensity of local competition,1-7 Best,,5.103748408,,5.228961362,,5.124619337,,5.00633075,,4.948467021,,4.955477125,,5.203495937,,5.183728776,,5.247295581,,5.295529108,,5.322350025,,
Costa Rica,518,Intensity of local competition,Rank,,50,,48,,54,,59,,65,,60,,52,,59,,55,,49,,49,,
Cyprus,517,Intensity of local competition,1-7 Best,,5.370552276,,5.583238804,,5.685464226,,5.631755245,,5.390347847,,5.148492152,,5.248748696,,5.425375757,,5.289817445,,5.313715993,,5.526783943,,
Cyprus,518,Intensity of local competition,Rank,,36,,26,,16,,18,,30,,43,,47,,37,,46,,43,,24,,
Czech Republic,517,Intensity of local competition,1-7 Best,,5.726925945,,5.832775359,,5.798396886,,5.668273816,,5.641295021,,5.709714656,,5.826191798,,5.733034812,,5.747198787,,5.76117538,,5.778956413,,
Czech Republic,518,Intensity of local competition,Rank,,17,,13,,10,,12,,16,,13,,12,,17,,14,,15,,14,,
Germany,517,Intensity of local competition,1-7 Best,,6.315081916,,6.38126695,,6.24346837,,6.100232957,,5.795034815,,5.785994557,,5.857121771,,5.910194852,,5.969979724,,5.904607116,,5.876191139,,
Germany,518,Intensity of local competition,Rank,,1,,1,,1,,2,,9,,8,,10,,12,,7,,10,,10,,
Denmark,517,Intensity of local competition,1-7 Best,,5.565902901,,5.584975705,,5.770351234,,5.56788795,,5.165191947,,5.423640429,,5.477446123,,5.357661914,,5.301552503,,5.454669843,,5.389902115,,
Denmark,518,Intensity of local competition,Rank,,26,,25,,11,,23,,46,,29,,27,,45,,45,,31,,40,,
Dominican Republic,517,Intensity of local competition,1-7 Best,,4.355120177,,4.673953879,,4.72663525,,4.637717629,,5.010802496,,5.001139483,,4.9203337,,4.998986003,,5.34086316,,5.596291448,,5.368166447,,
Dominican Republic,518,Intensity of local competition,Rank,,98,,87,,82,,86,,60,,56,,75,,72,,44,,21,,42,,
Algeria,517,Intensity of local competition,1-7 Best,,4.362181818,,4.21901385,,4.228981226,,4.534556792,,3.878914948,,3.145070663,,3.563368929,,3.804496263,,3.742288116,,3.780863935,,4.096379757,,
Algeria,518,Intensity of local competition,Rank,,95,,113,,109,,93,,131,,144,,141,,136,,138,,136,,131,,
Ecuador,517,Intensity of local competition,1-7 Best,,4.24585162,,3.83549656,,3.943609211,,4.13019024,,4.198911591,,4.293048,,4.490406318,,,,4.973913193,,5.015832098,,5.114328384,,
Ecuador,518,Intensity of local competition,Rank,,103,,125,,124,,116,,109,,103,,112,,,,76,,76,,68,,
"Egypt, Arab Rep.",517,Intensity of local competition,1-7 Best,,4.711737512,,4.573823976,,4.724675851,,4.5939191,,4.139263262,,4.024112775,,4.064639602,,4.048554138,,4.23695395,,4.23695395,,4.828282833,,
"Egypt, Arab Rep.",518,Intensity of local competition,Rank,,73,,92,,83,,91,,114,,121,,131,,133,,128,,127,,88,,
Spain,517,Intensity of local competition,1-7 Best,,5.567423036,,5.755043831,,5.606120125,,5.506346348,,5.490681546,,5.516486264,,5.4767163,,5.476183036,,5.611486465,,5.6362194,,5.54508543,,
Spain,518,Intensity of local competition,Rank,,25,,15,,22,,26,,23,,23,,28,,35,,19,,18,,23,,
Estonia,517,Intensity of local competition,1-7 Best,,5.571393753,,5.618420997,,5.506978636,,5.437812423,,5.39664295,,5.50206039,,5.592209207,,5.549693454,,5.60719248,,5.750164355,,5.779811859,,
Estonia,518,Intensity of local competition,Rank,,24,,22,,26,,31,,29,,25,,22,,29,,20,,16,,13,,
Ethiopia,517,Intensity of local competition,1-7 Best,,3.898798983,,3.76324631,,3.950679962,,4.213057589,,3.971677837,,3.591809675,,4.032087443,,4.526009959,,4.274924773,,3.88453854,,3.734404564,,
Ethiopia,518,Intensity of local competition,Rank,,117,,126,,123,,111,,125,,139,,133,,113,,126,,135,,134,,
Finland,517,Intensity of local competition,1-7 Best,,5.729569378,,5.699802117,,5.443468221,,5.095999381,,4.798098662,,4.871252878,,4.782694537,,4.602688443,,4.758833345,,4.782424455,,4.737727642,,
Finland,518,Intensity of local competition,Rank,,16,,16,,31,,52,,71,,68,,86,,108,,89,,94,,97,,
France,517,Intensity of local competition,1-7 Best,,5.799688615,,5.836721445,,5.709404689,,5.63454525,,5.712150759,,5.474251469,,5.518748305,,5.506551353,,5.520834849,,5.761848541,,5.792957306,,
France,518,Intensity of local competition,Rank,,12,,12,,15,,17,,12,,28,,26,,31,,29,,14,,12,,
Gabon,517,Intensity of local competition,1-7 Best,,,,,,,,,,,,3.798693,,4.16688829,,4.306094772,,4.110468949,,4.042027303,,,,
Gabon,518,Intensity of local competition,Rank,,,,,,,,,,,,132,,129,,124,,133,,134,,,,
United Kingdom,517,Intensity of local competition,1-7 Best,,5.984593642,,5.889752087,,5.837161486,,5.836510445,,5.925473231,,5.958592846,,6.038418273,,6.053071771,,6.0213832,,5.993628535,,5.731641293,,
United Kingdom,518,Intensity of local competition,Rank,,6,,10,,6,,8,,3,,5,,3,,5,,3,,3,,15,,
Georgia,517,Intensity of local competition,1-7 Best,,3.990768608,,4.174008498,,4.150126844,,3.945671184,,3.900682829,,3.868511,,4.317236093,,4.640380626,,4.739191797,,4.965539416,,4.774243355,,
Georgia,518,Intensity of local competition,Rank,,115,,114,,115,,124,,128,,127,,123,,105,,91,,78,,94,,
Ghana,517,Intensity of local competition,1-7 Best,,,,5.080453,,4.930290499,,4.844261661,,4.898449063,,5.040980735,,5.016216591,,4.446529108,,4.788068518,,5.09131608,,4.955670357,,
Ghana,518,Intensity of local competition,Rank,,,,61,,65,,71,,67,,53,,68,,118,,86,,72,,81,,
Guinea,517,Intensity of local competition,1-7 Best,,,,,,,,,,,,4.077403,,4.055836614,,4.196617061,,4.196617061,,,,5.555555344,,
Guinea,518,Intensity of local competition,Rank,,,,,,,,,,,,116,,132,,129,,130,,,,20,,
"Gambia, The",517,Intensity of local competition,1-7 Best,,4.494727785,,4.708379751,,4.784296035,,4.59620471,,4.588751707,,4.664523124,,4.811679809,,4.853589115,,4.735434217,,4.843003422,,5.474300385,,
"Gambia, The",518,Intensity of local competition,Rank,,88,,85,,76,,90,,86,,82,,84,,87,,93,,85,,30,,
Greece,517,Intensity of local competition,1-7 Best,,4.929221268,,5.152419412,,4.924541519,,4.746999092,,4.640476232,,4.424680099,,4.754483293,,5.053190631,,5.068350978,,5.056965608,,5.062120914,,
Greece,518,Intensity of local competition,Rank,,65,,52,,68,,77,,82,,95,,87,,71,,68,,73,,71,,
Guatemala,517,Intensity of local competition,1-7 Best,,5.007235283,,5.118545982,,5.1749364,,5.155748412,,5.137207844,,5.111104138,,5.200034886,,5.40378187,,5.532339592,,5.519607268,,5.435646057,,
Guatemala,518,Intensity of local competition,Rank,,58,,55,,50,,48,,50,,46,,53,,42,,28,,26,,37,,
Guyana,517,Intensity of local competition,1-7 Best,,4.244791667,,4.610681849,,4.562149853,,4.464445004,,4.703507124,,4.960583503,,4.987032376,,4.667450333,,4.538757875,,,,,,
Guyana,518,Intensity of local competition,Rank,,104,,88,,92,,99,,79,,59,,69,,102,,110,,,,,,
"Hong Kong SAR, China",517,Intensity of local competition,1-7 Best,,6.02304001,,5.96877304,,5.35654375,,5.414221481,,5.678720284,,5.775882362,,5.916299616,,6.058036797,,6.16129103,,6.16129103,,6.166666508,,
"Hong Kong SAR, China",518,Intensity of local competition,Rank,,4,,7,,35,,32,,14,,9,,7,,4,,2,,2,,3,,
Honduras,517,Intensity of local competition,1-7 Best,,4.181800634,,4.571598182,,4.59868635,,4.486853427,,4.451730788,,4.554399088,,4.558536196,,4.80696348,,4.988451774,,4.951686888,,4.936566353,,
Honduras,518,Intensity of local competition,Rank,,106,,93,,91,,97,,98,,89,,104,,88,,74,,79,,82,,
Croatia,517,Intensity of local competition,1-7 Best,,4.973528694,,4.956100194,,4.55871969,,4.161614766,,4.08859425,,4.044652078,,4.523904847,,4.882516725,,4.89682861,,4.796197229,,4.714762688,,
Croatia,518,Intensity of local competition,Rank,,63,,68,,93,,114,,115,,120,,107,,83,,83,,92,,102,,
Haiti,517,Intensity of local competition,1-7 Best,,,,,,,,,,3.727952,,3.708056792,,3.671992614,,3.752481899,,3.879262484,,,,3.25999999,,
Haiti,518,Intensity of local competition,Rank,,,,,,,,,,135,,134,,140,,140,,137,,,,136,,
Hungary,517,Intensity of local competition,1-7 Best,,5.424529348,,5.357607474,,5.256963878,,5.280035783,,5.327189808,,5.273885161,,5.280555423,,5.348527153,,5.12367933,,4.164353122,,4.245872498,,
Hungary,518,Intensity of local competition,Rank,,32,,38,,44,,39,,39,,38,,43,,47,,63,,129,,127,,
Indonesia,517,Intensity of local competition,1-7 Best,,5.509701007,,5.269922456,,5.250616583,,5.067707594,,4.57629755,,4.419180575,,5.025449851,,5.262468928,,5.112395433,,5.274168279,,5.391623974,,
Indonesia,518,Intensity of local competition,Rank,,28,,44,,47,,54,,89,,96,,66,,53,,65,,51,,39,,
India,517,Intensity of local competition,1-7 Best,,5.877526395,,5.861966184,,5.754229016,,5.445988545,,5.385704354,,5.376898389,,5.551620131,,4.785536004,,4.634437407,,4.749227474,,4.731376648,,
India,518,Intensity of local competition,Rank,,10,,11,,12,,30,,31,,34,,24,,91,,101,,96,,98,,
Ireland,517,Intensity of local competition,1-7 Best,,5.474545455,,5.355063492,,5.179382057,,5.101047829,,5.026402856,,5.225359861,,5.292814316,,5.173410733,,5.083591411,,5.193038437,,5.302785873,,
Ireland,518,Intensity of local competition,Rank,,30,,39,,49,,51,,59,,40,,42,,60,,67,,64,,52,,
"Iran, Islamic Rep.",517,Intensity of local competition,1-7 Best,,,,,,,,4.202378,,4.243733155,,4.255403185,,4.337431996,,4.3952443,,4.342602963,,4.237926208,,4.275152206,,
"Iran, Islamic Rep.",518,Intensity of local competition,Rank,,,,,,,,112,,106,,106,,121,,119,,121,,126,,125,,
Iceland,517,Intensity of local competition,1-7 Best,,5.320009482,,5.112200799,,5.0606194,,4.930327174,,4.74143248,,4.638045216,,4.837746893,,4.895047054,,4.826334756,,4.837551753,,4.976753712,,
Iceland,518,Intensity of local competition,Rank,,40,,57,,57,,66,,76,,84,,83,,80,,84,,87,,75,,
Israel,517,Intensity of local competition,1-7 Best,,5.641142116,,5.477926251,,5.454958445,,5.571289752,,5.439311259,,4.913591648,,4.689293776,,4.24244764,,4.431547585,,5.189106555,,5.319135666,,
Israel,518,Intensity of local competition,Rank,,21,,32,,29,,22,,27,,66,,95,,126,,116,,65,,50,,
Italy,517,Intensity of local competition,1-7 Best,,4.6233683,,4.441248598,,4.375595652,,4.659459946,,5.036875399,,4.898238991,,4.951240202,,5.190131979,,5.258796721,,5.30903619,,5.229665756,,
Italy,518,Intensity of local competition,Rank,,78,,104,,103,,84,,58,,67,,73,,58,,53,,46,,60,,
Jamaica,517,Intensity of local competition,1-7 Best,,5.140107701,,5.158135577,,5.180156771,,4.841625421,,4.766593572,,4.921856795,,5.195115082,,5.409381453,,5.397329044,,5.485880438,,5.327918053,,
Jamaica,518,Intensity of local competition,Rank,,46,,51,,48,,72,,72,,65,,55,,39,,39,,28,,47,,
Jordan,517,Intensity of local competition,1-7 Best,,5.406914264,,5.597467056,,5.447033658,,5.161666662,,5.363869395,,5.394925752,,5.27226,,5.19539847,,5.213284349,,5.396071234,,5.501918316,,
Jordan,518,Intensity of local competition,Rank,,33,,24,,30,,46,,34,,31,,44,,57,,57,,38,,26,,
Japan,517,Intensity of local competition,1-7 Best,,6.025244573,,5.911779182,,5.813373243,,5.846842523,,5.919436391,,6.047613931,,6.242129262,,6.371000847,,6.331479451,,6.226449882,,6.205012321,,
Japan,518,Intensity of local competition,Rank,,3,,9,,8,,7,,4,,2,,1,,1,,1,,1,,1,,
Kazakhstan,517,Intensity of local competition,1-7 Best,,4.666194344,,4.533286023,,4.413027602,,4.22310882,,4.055426,,4.125539213,,4.346997748,,4.5560483,,4.723645415,,4.631676664,,4.542402267,,
Kazakhstan,518,Intensity of local competition,Rank,,74,,97,,101,,109,,117,,113,,120,,111,,94,,106,,114,,
Kenya,517,Intensity of local competition,1-7 Best,,5.069988449,,4.915518539,,4.95550222,,5.06536823,,4.921740473,,4.931906604,,5.386776223,,5.658472882,,5.557518706,,5.634374923,,5.472446918,,
Kenya,518,Intensity of local competition,Rank,,55,,71,,61,,55,,66,,63,,35,,21,,23,,19,,32,,
Kyrgyz Republic,517,Intensity of local competition,1-7 Best,,3.574993925,,3.918420943,,4.007086941,,3.8456141,,3.916320857,,4.01333185,,4.281003165,,4.606978547,,4.440333032,,4.150890984,,4.325219154,,
Kyrgyz Republic,518,Intensity of local competition,Rank,,127,,123,,121,,129,,127,,123,,124,,107,,115,,130,,124,,
Cambodia,517,Intensity of local competition,1-7 Best,,4.177704682,,4.019736268,,4.199677848,,4.262650347,,4.577651036,,4.808128954,,4.896924765,,4.857724615,,4.69057564,,4.727426001,,4.791131973,,
Cambodia,518,Intensity of local competition,Rank,,108,,118,,112,,106,,88,,72,,78,,86,,97,,98,,93,,
"Korea, Rep.",517,Intensity of local competition,1-7 Best,,5.580036855,,5.191025026,,5.304447582,,5.664702169,,5.646262733,,5.745555667,,5.886039499,,5.891157082,,5.823840427,,5.915419459,,6.035807133,,
"Korea, Rep.",518,Intensity of local competition,Rank,,23,,49,,39,,14,,15,,11,,8,,13,,13,,8,,4,,
Kuwait,517,Intensity of local competition,1-7 Best,,4.98714996,,5.119075847,,5.2554919,,5.003967785,,4.695401831,,4.695381095,,4.507219092,,4.508667783,,5.049145303,,5.213600882,,4.824411392,,
Kuwait,518,Intensity of local competition,Rank,,60,,54,,45,,60,,80,,81,,110,,114,,69,,59,,89,,
Lao PDR,517,Intensity of local competition,1-7 Best,,,,,,,,,,,,,,5.18403,,5.070051626,,4.336344184,,4.107013535,,4.181957245,,
Lao PDR,518,Intensity of local competition,Rank,,,,,,,,,,,,,,56,,69,,122,,133,,129,,
Lebanon,517,Intensity of local competition,1-7 Best,,,,,,,,5.576302,,5.433175171,,5.37464754,,5.536933956,,5.515930784,,5.444678318,,5.435440564,,5.661121845,,
Lebanon,518,Intensity of local competition,Rank,,,,,,,,21,,28,,35,,25,,30,,34,,33,,17,,
Liberia,517,Intensity of local competition,1-7 Best,,,,,,,,,,,,4.562788,,4.567265762,,,,4.137499809,,4.127880505,,4.227863789,,
Liberia,518,Intensity of local competition,Rank,,,,,,,,,,,,87,,103,,,,132,,132,,128,,
Libya,517,Intensity of local competition,1-7 Best,,3.904761905,,3.980945987,,3.959930522,,3.826858303,,,,4.085731,,3.729368333,,3.692378044,,,,,,,,
Libya,518,Intensity of local competition,Rank,,116,,121,,122,,130,,,,115,,139,,141,,,,,,,,
Sri Lanka,517,Intensity of local competition,1-7 Best,,5.08610675,,5.441285431,,5.354454243,,5.210900913,,5.362739193,,5.495887,,5.613281271,,5.764588252,,5.665345779,,5.180153179,,4.836177349,,
Sri Lanka,518,Intensity of local competition,Rank,,54,,33,,36,,42,,35,,26,,20,,16,,17,,66,,87,,
Lesotho,517,Intensity of local competition,1-7 Best,,3.819819463,,4.018237227,,4.324965043,,4.215842564,,4.203986865,,4.064001656,,4.724998322,,4.771343184,,4.371869539,,4.841750235,,5.472505093,,
Lesotho,518,Intensity of local competition,Rank,,119,,120,,104,,110,,108,,118,,94,,93,,119,,86,,31,,
Lithuania,517,Intensity of local competition,1-7 Best,,5.364983456,,5.40724838,,4.863056996,,4.729974944,,4.950334144,,5.100299923,,5.382254415,,5.623970796,,5.644472503,,5.514992599,,5.496658325,,
Lithuania,518,Intensity of local competition,Rank,,37,,37,,73,,78,,64,,48,,36,,22,,18,,27,,27,,
Luxembourg,517,Intensity of local competition,1-7 Best,,5.105563374,,5.060186863,,4.933232488,,5.186856607,,5.245019737,,4.992081844,,5.124830409,,5.246374956,,5.147788241,,5.315710697,,5.315770626,,
Luxembourg,518,Intensity of local competition,Rank,,48,,64,,64,,44,,41,,58,,59,,54,,61,,42,,51,,
Latvia,517,Intensity of local competition,1-7 Best,,4.976427974,,5.075373381,,4.748253927,,4.592060874,,4.692291213,,4.860087873,,5.39507841,,5.610257789,,5.404753756,,5.420759948,,5.49009943,,
Latvia,518,Intensity of local competition,Rank,,62,,63,,79,,92,,81,,69,,34,,23,,38,,35,,28,,
Morocco,517,Intensity of local competition,1-7 Best,,4.575458855,,4.607635665,,4.604317241,,4.851970797,,5.098116,,4.994924664,,5.120400921,,5.342183659,,5.025746613,,5.124788888,,5.203747272,,
Morocco,518,Intensity of local competition,Rank,,84,,89,,89,,69,,53,,57,,60,,48,,73,,70,,64,,
Moldova,517,Intensity of local competition,1-7 Best,,,,,,,,4.323505,,4.354967694,,4.228441027,,4.354979082,,4.681091363,,4.622619863,,4.547674474,,4.76488018,,
Moldova,518,Intensity of local competition,Rank,,,,,,,,101,,104,,108,,119,,99,,103,,114,,95,,
Madagascar,517,Intensity of local competition,1-7 Best,,4.141570532,,4.477180378,,4.44764529,,4.302932609,,4.154046284,,4.356790262,,4.848889826,,4.795399233,,4.563035064,,4.602873456,,4.819902897,,
Madagascar,518,Intensity of local competition,Rank,,110,,100,,100,,103,,112,,100,,82,,90,,109,,110,,90,,
Mexico,517,Intensity of local competition,1-7 Best,,4.904775221,,4.842019649,,4.555104854,,4.475572054,,4.616093167,,4.763685187,,5.046792773,,5.134369418,,5.161344192,,5.217999719,,5.207332134,,
Mexico,518,Intensity of local competition,Rank,,66,,78,,94,,98,,84,,75,,65,,64,,59,,57,,63,,
Macedonia,517,Intensity of local competition,1-7 Best,,4.338629427,,4.378106032,,4.39295564,,4.503555965,,4.174181908,,4.053828098,,4.795628407,,5.392641189,,5.471674856,,5.378882668,,,,
Macedonia,518,Intensity of local competition,Rank,,100,,107,,102,,96,,110,,119,,85,,43,,31,,41,,,,
Mali,517,Intensity of local competition,1-7 Best,,4.373800509,,4.887596341,,4.782616124,,4.838743309,,4.480666588,,4.192927274,,4.498346927,,4.703840926,,4.464341583,,4.429864771,,4.62541008,,
Mali,518,Intensity of local competition,Rank,,94,,73,,77,,73,,95,,110,,111,,97,,113,,121,,109,,
Malta,517,Intensity of local competition,1-7 Best,,5.657060508,,5.548866712,,5.462479271,,5.7902352,,5.778931989,,5.763370564,,6.0080252,,6.085349453,,5.844257659,,5.993300533,,6.174284458,,
Malta,518,Intensity of local competition,Rank,,20,,29,,28,,9,,11,,10,,4,,3,,12,,4,,2,,
Myanmar,517,Intensity of local competition,1-7 Best,,,,,,,,,,,,,,4.610421,,4.680226868,,4.382339849,,,,,,
Myanmar,518,Intensity of local competition,Rank,,,,,,,,,,,,,,97,,100,,118,,,,,,
Montenegro,517,Intensity of local competition,1-7 Best,,4.361111111,,4.580192084,,4.452062771,,4.011938858,,4.03269282,,4.091157199,,3.865432722,,3.88003067,,4.179177571,,4.275663932,,4.423576832,,
Montenegro,518,Intensity of local competition,Rank,,96,,91,,99,,122,,121,,114,,135,,135,,131,,124,,122,,
Mongolia,517,Intensity of local competition,1-7 Best,,4.578401742,,4.554631368,,4.492106068,,4.532391046,,4.479842627,,4.605252083,,4.60359297,,4.88405003,,4.959583282,,4.603610344,,4.493483067,,
Mongolia,518,Intensity of local competition,Rank,,83,,95,,98,,95,,96,,86,,98,,82,,78,,109,,116,,
Mozambique,517,Intensity of local competition,1-7 Best,,3.609649727,,3.473919755,,3.785152553,,4.035997434,,3.898757192,,3.756149117,,4.197866475,,4.715585453,,4.56310251,,4.477448082,,4.468149185,,
Mozambique,518,Intensity of local competition,Rank,,125,,129,,127,,120,,129,,133,,126,,96,,108,,117,,118,,
Mauritania,517,Intensity of local competition,1-7 Best,,3.687997683,,4.143998585,,4.512214637,,3.751996975,,3.411680782,,3.928343269,,4.520096618,,4.079945459,,3.964614438,,4.695504024,,4.992797375,,
Mauritania,518,Intensity of local competition,Rank,,122,,116,,97,,132,,137,,125,,108,,131,,135,,101,,73,,
Mauritius,517,Intensity of local competition,1-7 Best,,4.661026936,,4.78075528,,4.886856569,,5.064964766,,5.038139472,,5.151658525,,5.455710708,,5.604092562,,5.460608186,,5.300972704,,5.341979027,,
Mauritius,518,Intensity of local competition,Rank,,76,,80,,72,,56,,57,,42,,30,,24,,32,,48,,46,,
Malawi,517,Intensity of local competition,1-7 Best,,,,4.848146,,4.706831934,,4.660124023,,4.379046727,,3.9146266,,4.271454023,,4.946331794,,5.094660208,,4.583198218,,4.42567873,,
Malawi,518,Intensity of local competition,Rank,,,,77,,85,,83,,101,,126,,125,,76,,66,,113,,121,,
Malaysia,517,Intensity of local competition,1-7 Best,,5.664855464,,5.525903228,,5.268555848,,5.30816767,,5.44582138,,5.362778381,,5.436538965,,5.496797764,,5.406647283,,5.384848523,,5.437293053,,
Malaysia,518,Intensity of local competition,Rank,,19,,31,,42,,38,,26,,36,,32,,34,,37,,40,,35,,
Namibia,517,Intensity of local competition,1-7 Best,,4.653089458,,4.477658579,,4.675936972,,4.624162762,,4.578411636,,4.536539299,,4.593908806,,4.640492122,,4.636672429,,4.667533564,,4.717086792,,
Namibia,518,Intensity of local competition,Rank,,77,,99,,86,,88,,87,,91,,99,,104,,100,,103,,101,,
Nigeria,517,Intensity of local competition,1-7 Best,,4.486049679,,5.412320556,,5.425818286,,4.975558395,,4.764412071,,4.534401171,,4.913309569,,5.279105358,,5.150680469,,5.033614089,,5.09085989,,
Nigeria,518,Intensity of local competition,Rank,,89,,36,,34,,62,,73,,92,,76,,50,,60,,75,,70,,
Nicaragua,517,Intensity of local competition,1-7 Best,,4.013080541,,3.926116015,,3.840355701,,3.92645235,,4.051048846,,3.856673276,,3.837532145,,4.175218511,,4.695634905,,4.695634905,,4.599999905,,
Nicaragua,518,Intensity of local competition,Rank,,114,,122,,125,,125,,118,,129,,136,,130,,96,,100,,112,,
Netherlands,517,Intensity of local competition,1-7 Best,,5.883019608,,6.105111145,,5.97569194,,5.771500292,,5.873973958,,6.073339879,,6.00461894,,5.865744167,,5.859410975,,5.898103058,,5.940104485,,
Netherlands,518,Intensity of local competition,Rank,,9,,3,,4,,10,,6,,1,,5,,14,,11,,11,,7,,
Norway,517,Intensity of local competition,1-7 Best,,5.603651053,,5.660977068,,5.6467358,,5.493751878,,5.378384303,,5.388621502,,5.340171539,,5.336815182,,5.284497323,,5.136292595,,5.274128437,,
Norway,518,Intensity of local competition,Rank,,22,,21,,19,,27,,32,,32,,39,,49,,50,,69,,57,,
Nepal,517,Intensity of local competition,1-7 Best,,4.585383568,,4.411703596,,4.224747928,,4.238995699,,4.029089305,,4.154948846,,4.50945705,,4.766302766,,4.927879612,,4.913510169,,4.798454762,,
Nepal,518,Intensity of local competition,Rank,,81,,106,,110,,108,,123,,112,,109,,94,,82,,83,,92,,
New Zealand,517,Intensity of local competition,1-7 Best,,5.401596681,,5.111019304,,5.155762089,,4.970351883,,5.16749129,,5.507429681,,5.438783109,,5.592115633,,5.67623562,,5.477399349,,5.361285686,,
New Zealand,518,Intensity of local competition,Rank,,34,,58,,53,,64,,45,,24,,31,,26,,16,,29,,45,,
Oman,517,Intensity of local competition,1-7 Best,,4.357142857,,4.728558667,,4.996803158,,5.08418765,,5.097679461,,5.10099435,,5.195165,,4.997455946,,4.709410693,,4.599601774,,4.599601746,,
Oman,518,Intensity of local competition,Rank,,97,,84,,59,,53,,54,,47,,54,,73,,95,,112,,113,,
Pakistan,517,Intensity of local competition,1-7 Best,,4.215503652,,4.244907229,,4.669424816,,4.630374504,,4.540679453,,4.6218612,,4.889935225,,4.871771387,,4.68904746,,4.468894009,,4.443894863,,
Pakistan,518,Intensity of local competition,Rank,,105,,112,,87,,87,,91,,85,,79,,84,,98,,118,,120,,
Panama,517,Intensity of local competition,1-7 Best,,4.827134025,,4.914171847,,4.900795369,,5.017412911,,5.199056071,,5.014671725,,4.969905027,,5.102170449,,5.280017434,,5.424538067,,5.324145794,,
Panama,518,Intensity of local competition,Rank,,68,,72,,71,,58,,43,,55,,71,,67,,52,,34,,48,,
Peru,517,Intensity of local competition,1-7 Best,,5.091259058,,5.235397802,,4.907544895,,4.866955563,,5.092825464,,5.094800878,,5.098576415,,5.068268889,,5.167276255,,5.177771067,,5.140502453,,
Peru,518,Intensity of local competition,Rank,,53,,47,,70,,68,,55,,49,,61,,70,,58,,67,,67,,
Philippines,517,Intensity of local competition,1-7 Best,,5.019017094,,4.876517564,,4.730434445,,4.936821082,,5.164034937,,5.09350404,,5.070592654,,5.154717788,,5.226790619,,5.212604989,,5.278306484,,
Philippines,518,Intensity of local competition,Rank,,57,,74,,81,,65,,47,,50,,63,,61,,56,,60,,54,,
Poland,517,Intensity of local competition,1-7 Best,,4.724996019,,5.349202239,,5.434234319,,5.372140295,,5.337801878,,5.416623693,,5.347422828,,5.271929222,,5.287069098,,5.308592968,,5.27769804,,
Poland,518,Intensity of local competition,Rank,,70,,40,,33,,35,,38,,30,,38,,51,,48,,47,,55,,
Puerto Rico,517,Intensity of local competition,1-7 Best,,5.86440678,,5.96222602,,5.65163903,,5.45483525,,5.591408519,,5.670025545,,5.858560378,,6.034173553,,,,,,,,
Puerto Rico,518,Intensity of local competition,Rank,,11,,8,,18,,29,,20,,17,,9,,7,,,,,,,,
Portugal,517,Intensity of local competition,1-7 Best,,5.275362138,,5.337188425,,5.251333671,,5.174342675,,5.062368502,,4.936899748,,4.902569447,,5.144943623,,5.258704203,,5.230902772,,5.255724907,,
Portugal,518,Intensity of local competition,Rank,,44,,41,,46,,45,,56,,62,,77,,63,,54,,56,,59,,
Paraguay,517,Intensity of local competition,1-7 Best,,4.117569805,,4.112007084,,4.022312573,,4.108246236,,4.420389605,,4.804558336,,5.181246849,,5.076320962,,4.951273603,,5.038658615,,4.988038063,,
Paraguay,518,Intensity of local competition,Rank,,111,,117,,119,,117,,100,,73,,57,,68,,79,,74,,74,,
Qatar,517,Intensity of local competition,1-7 Best,,5.004959997,,5.127230922,,5.716987054,,6.066341432,,5.884892,,5.736083029,,5.759573059,,5.725190238,,5.54936721,,5.742293951,,5.551433086,,
Qatar,518,Intensity of local competition,Rank,,59,,53,,14,,3,,5,,12,,16,,18,,25,,17,,21,,
Romania,517,Intensity of local competition,1-7 Best,,4.583194793,,4.706951136,,4.921355334,,4.715805466,,4.457703998,,4.303905044,,4.399095388,,4.357553111,,4.514890285,,4.788536069,,4.855969429,,
Romania,518,Intensity of local competition,Rank,,82,,86,,69,,79,,97,,102,,115,,120,,112,,93,,86,,
Russian Federation,517,Intensity of local competition,1-7 Best,,4.45414863,,4.357463445,,4.299637643,,4.138929949,,3.986524705,,3.964294532,,4.486097982,,4.973869182,,4.973869182,,4.950063752,,5.020633698,,
Russian Federation,518,Intensity of local competition,Rank,,92,,108,,106,,115,,124,,124,,113,,74,,77,,81,,72,,
Rwanda,517,Intensity of local competition,1-7 Best,,,,,,,,4.337939,,4.369230264,,4.392456,,4.735864344,,4.933503,,5.041148981,,4.983149485,,4.879826546,,
Rwanda,518,Intensity of local competition,Rank,,,,,,,,100,,102,,98,,90,,78,,70,,77,,84,,
Saudi Arabia,517,Intensity of local competition,1-7 Best,,5.094736842,,5.163494003,,5.344916318,,5.565795338,,5.629323,,5.706937769,,5.685625053,,5.408957816,,5.387874989,,5.401771415,,5.386755466,,
Saudi Arabia,518,Intensity of local competition,Rank,,51,,50,,37,,24,,17,,14,,18,,40,,40,,37,,41,,
Senegal,517,Intensity of local competition,1-7 Best,,5.128205128,,5.417194487,,5.323525205,,5.111052202,,5.009408797,,5.056069978,,5.131951311,,4.88517937,,4.947859563,,5.235292012,,5.092869282,,
Senegal,518,Intensity of local competition,Rank,,47,,35,,38,,49,,61,,52,,58,,81,,80,,54,,69,,
Singapore,517,Intensity of local competition,1-7 Best,,5.48209461,,5.532457114,,5.6136217,,5.458545448,,5.377356635,,5.543754255,,5.6440947,,5.665087486,,5.577558951,,5.616157147,,5.718643665,,
Singapore,518,Intensity of local competition,Rank,,29,,30,,21,,28,,33,,21,,19,,20,,21,,20,,16,,
Sierra Leone,517,Intensity of local competition,1-7 Best,,,,,,,,,,,,3.680207,,4.12419835,,4.476216035,,4.28186396,,4.132683059,,3.896071434,,
Sierra Leone,518,Intensity of local competition,Rank,,,,,,,,,,,,136,,130,,116,,124,,131,,133,,
El Salvador,517,Intensity of local competition,1-7 Best,,4.893780328,,4.99103901,,5.258048059,,5.249177613,,5.304456921,,4.924871697,,4.55282189,,4.803600802,,5.126006809,,5.259392178,,5.259608746,,
El Salvador,518,Intensity of local competition,Rank,,67,,67,,43,,41,,40,,64,,105,,89,,62,,53,,58,,
Serbia,517,Intensity of local competition,1-7 Best,,3.604651163,,3.689595959,,4.011190095,,3.792959271,,3.605149225,,3.61452345,,3.827151644,,4.199941479,,4.274978766,,4.234848332,,4.498873234,,
Serbia,518,Intensity of local competition,Rank,,126,,128,,120,,131,,136,,137,,138,,128,,125,,128,,115,,
Suriname,517,Intensity of local competition,1-7 Best,,,,,,,,,,4.830166,,4.748203786,,4.734582115,,4.683493142,,,,,,,,
Suriname,518,Intensity of local competition,Rank,,,,,,,,,,70,,76,,91,,98,,,,,,,,
Slovak Republic,517,Intensity of local competition,1-7 Best,,5.346398046,,5.682809583,,5.567823882,,5.394265114,,5.354580071,,5.477710103,,5.472317967,,5.50201387,,5.537290367,,5.523256682,,5.436590672,,
Slovak Republic,518,Intensity of local competition,Rank,,38,,17,,25,,33,,37,,27,,29,,32,,27,,25,,36,,
Slovenia,517,Intensity of local competition,1-7 Best,,5.292152489,,5.089911958,,5.073572954,,5.187838788,,5.121793,,5.200270753,,5.231686929,,5.115431695,,5.121203917,,5.232421768,,5.40582943,,
Slovenia,518,Intensity of local competition,Rank,,43,,60,,56,,43,,51,,41,,49,,66,,64,,55,,38,,
Sweden,517,Intensity of local competition,1-7 Best,,6.016087344,,5.759902059,,5.616386155,,5.8634052,,5.782527407,,5.534515081,,5.566118775,,5.408367119,,5.456050953,,5.589690871,,5.505934715,,
Sweden,518,Intensity of local competition,Rank,,5,,14,,20,,5,,10,,22,,23,,41,,33,,22,,25,,
Swaziland,517,Intensity of local competition,1-7 Best,,,,,,,,4.323265,,4.040416063,,4.175569356,,4.359733486,,4.5063257,,4.766985989,,,,4.260000229,,
Swaziland,518,Intensity of local competition,Rank,,,,,,,,102,,119,,111,,117,,115,,87,,,,126,,
Seychelles,517,Intensity of local competition,1-7 Best,,,,,,,,,,,,4.544955,,4.593212194,,4.231099169,,4.231099169,,,,4.957446575,,
Seychelles,518,Intensity of local competition,Rank,,,,,,,,,,,,90,,100,,127,,129,,,,80,,
Syrian Arab Republic,517,Intensity of local competition,1-7 Best,,5.104166667,,5.079370395,,4.926518121,,4.850207582,,5.169796199,,,,,,,,,,,,,,
Syrian Arab Republic,518,Intensity of local competition,Rank,,49,,62,,67,,70,,44,,,,,,,,,,,,,,
Chad,517,Intensity of local competition,1-7 Best,,3.215287881,,3.106151844,,3.035214378,,3.111915448,,3.186821774,,3.300260795,,3.34312552,,3.790686625,,3.724654786,,3.616225498,,3.65958786,,
Chad,518,Intensity of local competition,Rank,,130,,133,,133,,139,,141,,142,,145,,137,,139,,137,,135,,
Thailand,517,Intensity of local competition,1-7 Best,,5.296449275,,5.268742734,,5.287702267,,5.322775324,,5.118029159,,5.02936475,,5.316141733,,5.420497121,,5.362974065,,5.313455047,,5.365214825,,
Thailand,518,Intensity of local competition,Rank,,42,,45,,41,,37,,52,,54,,41,,38,,42,,44,,43,,
Tajikistan,517,Intensity of local competition,1-7 Best,,4.014412614,,4.275535859,,4.0603094,,4.009889877,,4.084919359,,4.233670443,,,,4.319587708,,4.587339803,,4.729319482,,4.729319572,,
Tajikistan,518,Intensity of local competition,Rank,,113,,110,,117,,123,,116,,107,,,,122,,107,,97,,99,,
Timor-Leste,517,Intensity of local competition,1-7 Best,,3.057748703,,2.782162044,,3.144074031,,3.470289766,,3.401598495,,3.423161886,,3.494520912,,3.784298747,,,,,,,,
Timor-Leste,518,Intensity of local competition,Rank,,131,,134,,132,,137,,138,,141,,142,,138,,,,,,,,
Trinidad and Tobago,517,Intensity of local competition,1-7 Best,,4.720223064,,4.871280268,,5.036213972,,5.156603741,,4.865919729,,4.56209789,,4.744156017,,5.154256886,,5.285731369,,5.216763226,,5.200386524,,
Trinidad and Tobago,518,Intensity of local competition,Rank,,72,,75,,58,,47,,69,,88,,88,,62,,49,,58,,65,,
Tunisia,517,Intensity of local competition,1-7 Best,,5.319160314,,5.440274859,,5.287720453,,5.389515277,,5.22821378,,,,4.865145994,,4.77613524,,4.749947246,,4.851312334,,4.958240032,,
Tunisia,518,Intensity of local competition,Rank,,41,,34,,40,,34,,42,,,,80,,92,,90,,84,,79,,
Turkey,517,Intensity of local competition,1-7 Best,,5.454690047,,5.30776878,,5.438764412,,5.663194482,,5.698320644,,5.685580244,,5.791869857,,5.929308135,,5.870332691,,5.877568025,,5.877568245,,
Turkey,518,Intensity of local competition,Rank,,31,,42,,32,,15,,13,,16,,15,,11,,10,,12,,9,,
Tanzania,517,Intensity of local competition,1-7 Best,,4.485946754,,4.262673828,,4.2870738,,4.299064021,,4.16197513,,4.210514919,,4.182696798,,4.318284609,,4.52925458,,4.720508181,,4.624798298,,
Tanzania,518,Intensity of local competition,Rank,,90,,111,,108,,104,,111,,109,,127,,123,,111,,99,,110,,
Uganda,517,Intensity of local competition,1-7 Best,,4.724825175,,4.938692544,,5.099741203,,4.871466952,,4.706838035,,4.727033473,,5.021974413,,5.240966176,,5.28365577,,5.30981784,,5.275492668,,
Uganda,518,Intensity of local competition,Rank,,71,,69,,55,,67,,78,,77,,67,,55,,51,,45,,56,,
Ukraine,517,Intensity of local competition,1-7 Best,,4.449181297,,4.432682104,,4.203408809,,4.102104576,,4.03531725,,4.279989569,,4.536749126,,4.679932362,,4.656666541,,4.60948342,,4.967778206,,
Ukraine,518,Intensity of local competition,Rank,,93,,105,,111,,118,,120,,104,,106,,101,,99,,108,,78,,
Uruguay,517,Intensity of local competition,1-7 Best,,4.179621479,,4.164049925,,4.153451679,,4.278439083,,4.366895496,,4.362844102,,4.464618658,,4.662909205,,4.735705387,,4.636700412,,4.617037773,,
Uruguay,518,Intensity of local competition,Rank,,107,,115,,114,,105,,103,,99,,114,,103,,92,,105,,111,,
United States,517,Intensity of local competition,1-7 Best,,5.903564639,,6.072202893,,5.906612595,,5.642406439,,5.609015015,,5.646643877,,5.818868392,,5.936905422,,6.014546849,,5.977231032,,6.000082493,,
United States,518,Intensity of local competition,Rank,,8,,4,,5,,16,,18,,18,,14,,10,,4,,5,,6,,
"Venezuela, RB",517,Intensity of local competition,1-7 Best,,3.692530654,,3.358102462,,3.312329675,,3.188122924,,3.337662518,,3.269198889,,3.043577032,,2.869294643,,2.747573328,,2.733678484,,2.81611681,,
"Venezuela, RB",518,Intensity of local competition,Rank,,121,,131,,131,,138,,140,,143,,147,,143,,140,,138,,137,,
Vietnam,517,Intensity of local competition,1-7 Best,,4.982455295,,5.117663264,,4.95278708,,4.781765465,,4.96921116,,5.1483867,,5.206117166,,5.123679041,,5.037184353,,4.951331451,,4.660991669,,
Vietnam,518,Intensity of local competition,Rank,,61,,56,,62,,75,,62,,44,,51,,65,,71,,80,,108,,
"Yemen, Rep.",517,Intensity of local competition,1-7 Best,,,,,,,,,,4.738501,,4.702362029,,4.357566196,,4.267393496,,,,4.274566555,,4.101714611,,
"Yemen, Rep.",518,Intensity of local competition,Rank,,,,,,,,,,77,,80,,118,,125,,,,125,,130,,
South Africa,517,Intensity of local competition,1-7 Best,,5.091341751,,5.093278978,,4.989861239,,4.971092291,,5.150528,,5.066420847,,5.263978802,,5.461331353,,5.351871731,,5.457669856,,5.363322735,,
South Africa,518,Intensity of local competition,Rank,,52,,59,,60,,63,,49,,51,,45,,36,,43,,30,,44,,
Zambia,517,Intensity of local competition,1-7 Best,,3.425241058,,4.452378478,,4.546603897,,4.643374161,,4.76391774,,4.953984286,,5.233046544,,5.594112116,,5.542605993,,5.19643615,,4.912938595,,
Zambia,518,Intensity of local competition,Rank,,128,,103,,95,,85,,74,,61,,48,,25,,26,,63,,83,,
Zimbabwe,517,Intensity of local competition,1-7 Best,,3.419444444,,3.402531521,,3.442367306,,4.075850759,,4.510400033,,4.449778033,,4.854777093,,4.937164602,,4.760209571,,4.818372583,,4.684800625,,
Zimbabwe,518,Intensity of local competition,Rank,,129,,130,,129,,119,,94,,94,,81,,77,,88,,90,,103,,
